[
{
  "pk": 1,
  "model": "lexicography.entry",
  "fields": {
    "deleted": false,
    "headword": "abcd",
    "latest_published": 1,
    "latest": 1
  }
},
{
  "pk": 2,
  "model": "lexicography.entry",
  "fields": {
    "deleted": false,
    "headword": "foo",
    "latest_published": null,
    "latest": 2
  }
},
{
  "pk": 3,
  "model": "lexicography.entry",
  "fields": {
    "deleted": false,
    "headword": "one sense, one subsense",
    "latest_published": 3,
    "latest": 3
  }
},
{
  "pk": 4,
  "model": "lexicography.entry",
  "fields": {
    "deleted": false,
    "headword": "pali example",
    "latest_published": null,
    "latest": 4
  }
},
{
  "pk": 5,
  "model": "lexicography.entry",
  "fields": {
    "deleted": false,
    "headword": "non-pali example",
    "latest_published": null,
    "latest": 5
  }
},
{
  "pk": 6,
  "model": "lexicography.entry",
  "fields": {
    "deleted": false,
    "headword": "pali explained example",
    "latest_published": null,
    "latest": 6
  }
},
{
  "pk": 7,
  "model": "lexicography.entry",
  "fields": {
    "deleted": false,
    "headword": "non-pali explained example",
    "latest_published": null,
    "latest": 7
  }
},
{
  "pk": 8,
  "model": "lexicography.entry",
  "fields": {
    "deleted": false,
    "headword": "definition filled",
    "latest_published": null,
    "latest": 8
  }
},
{
  "pk": 9,
  "model": "lexicography.entry",
  "fields": {
    "deleted": false,
    "headword": "definition with formatted text",
    "latest_published": null,
    "latest": 9
  }
},
{
  "pk": 10,
  "model": "lexicography.entry",
  "fields": {
    "deleted": false,
    "headword": "senses and subsenses",
    "latest_published": 10,
    "latest": 10
  }
},
{
  "pk": 11,
  "model": "lexicography.entry",
  "fields": {
    "deleted": false,
    "headword": "some semantic fields",
    "latest_published": null,
    "latest": 11
  }
},
{
  "pk": 12,
  "model": "lexicography.entry",
  "fields": {
    "deleted": false,
    "headword": "antonym with citations",
    "latest_published": null,
    "latest": 12
  }
},
{
  "pk": 13,
  "model": "lexicography.entry",
  "fields": {
    "deleted": false,
    "headword": "cognate with citations",
    "latest_published": null,
    "latest": 13
  }
},
{
  "pk": 14,
  "model": "lexicography.entry",
  "fields": {
    "deleted": false,
    "headword": "conceptual proximate with citations",
    "latest_published": null,
    "latest": 14
  }
},
{
  "pk": 15,
  "model": "lexicography.entry",
  "fields": {
    "deleted": false,
    "headword": "senses, subsenses and hyperlinks",
    "latest_published": 15,
    "latest": 15
  }
},
{
  "pk": 16,
  "model": "lexicography.entry",
  "fields": {
    "deleted": false,
    "headword": "sense with explanation",
    "latest_published": null,
    "latest": 16
  }
},
{
  "pk": 17,
  "model": "lexicography.entry",
  "fields": {
    "deleted": false,
    "headword": "contrastive elements with one child",
    "latest_published": null,
    "latest": 17
  }
},
{
  "pk": 18,
  "model": "lexicography.entry",
  "fields": {
    "deleted": false,
    "headword": "sense with citations",
    "latest_published": null,
    "latest": 18
  }
},
{
  "pk": 19,
  "model": "lexicography.entry",
  "fields": {
    "deleted": false,
    "headword": "non-pali example, with ref and ptr",
    "latest_published": 19,
    "latest": 19
  }
},
{
  "pk": 20,
  "model": "lexicography.entry",
  "fields": {
    "deleted": false,
    "headword": "old and new records",
    "latest_published": null,
    "latest": 22
  }
},
{
  "pk": 21,
  "model": "lexicography.entry",
  "fields": {
    "deleted": true,
    "headword": "deleted article",
    "latest_published": null,
    "latest": 23
  }
},
{
  "pk": 22,
  "model": "lexicography.entry",
  "fields": {
    "deleted": false,
    "headword": "antonym with citations, followed by another antonym",
    "latest_published": null,
    "latest": 24
  }
},
{
  "pk": 1,
  "model": "lexicography.changerecord",
  "fields": {
    "c_hash": "5af6712b87152507c264a550171d2045936bb64d",
    "ctype": "U",
    "datetime": "2013-09-06T19:57:52.120Z",
    "session": "5d11233110b1b6387ec4b67504a98ef5",
    "user": [
      "admin"
    ],
    "published": true,
    "csubtype": "M",
    "entry": 1,
    "headword": "abcd"
  }
},
{
  "pk": 2,
  "model": "lexicography.changerecord",
  "fields": {
    "c_hash": "afe26750502946294ab1066823e767a5df962cbf",
    "ctype": "C",
    "datetime": "2013-09-09T20:41:01.291Z",
    "session": "xurn7ygnika5d9nefnvlgezb1dn9kdki",
    "user": [
      "admin"
    ],
    "published": false,
    "csubtype": "M",
    "entry": 2,
    "headword": "foo"
  }
},
{
  "pk": 3,
  "model": "lexicography.changerecord",
  "fields": {
    "c_hash": "bbb58d1fce15271fd13b7049731a248d9e76837d",
    "ctype": "U",
    "datetime": "2013-11-18T20:02:23.385Z",
    "session": "x5sxno7s4mhdkii8t2n2mhbpq72sx1xt",
    "user": [
      "foo"
    ],
    "published": true,
    "csubtype": "M",
    "entry": 3,
    "headword": "one sense, one subsense"
  }
},
{
  "pk": 4,
  "model": "lexicography.changerecord",
  "fields": {
    "c_hash": "aa715ff1eafa3f30d23f6d4588e674c30ca5cf5e",
    "ctype": "C",
    "datetime": "2014-05-14T20:27:55.611Z",
    "session": "u8txenmiiwwqza7wkh0l1v6mugtn7ga3",
    "user": [
      "admin"
    ],
    "published": false,
    "csubtype": "M",
    "entry": 4,
    "headword": "pali example"
  }
},
{
  "pk": 5,
  "model": "lexicography.changerecord",
  "fields": {
    "c_hash": "601b24c17b19a7f8be71a841df0f27e160f9dde4",
    "ctype": "C",
    "datetime": "2014-05-21T13:39:26.454Z",
    "session": "u8txenmiiwwqza7wkh0l1v6mugtn7ga3",
    "user": [
      "admin"
    ],
    "published": false,
    "csubtype": "M",
    "entry": 5,
    "headword": "non-pali example"
  }
},
{
  "pk": 6,
  "model": "lexicography.changerecord",
  "fields": {
    "c_hash": "fbc589bc20e43df78bb8c7c7015ea90c3222217e",
    "ctype": "C",
    "datetime": "2014-05-22T19:24:50.790Z",
    "session": "3jf3wqhz83yfoxt6w3jo8f32xo2t40on",
    "user": [
      "admin"
    ],
    "published": false,
    "csubtype": "M",
    "entry": 6,
    "headword": "pali explained example"
  }
},
{
  "pk": 7,
  "model": "lexicography.changerecord",
  "fields": {
    "c_hash": "dbe4c722b68b9c3ea5dd970eb821be9d5c18609e",
    "ctype": "C",
    "datetime": "2014-05-22T20:04:34.494Z",
    "session": "3jf3wqhz83yfoxt6w3jo8f32xo2t40on",
    "user": [
      "admin"
    ],
    "published": false,
    "csubtype": "M",
    "entry": 7,
    "headword": "non-pali explained example"
  }
},
{
  "pk": 8,
  "model": "lexicography.changerecord",
  "fields": {
    "c_hash": "5d8b8d158fea90404a170d157207c983c29f40f3",
    "ctype": "C",
    "datetime": "2014-05-23T19:01:52.759Z",
    "session": "3jf3wqhz83yfoxt6w3jo8f32xo2t40on",
    "user": [
      "admin"
    ],
    "published": false,
    "csubtype": "M",
    "entry": 8,
    "headword": "definition filled"
  }
},
{
  "pk": 9,
  "model": "lexicography.changerecord",
  "fields": {
    "c_hash": "a8fe52740018b1a5f8b89166f45c31a9699cec68",
    "ctype": "C",
    "datetime": "2014-05-26T12:44:06.487Z",
    "session": "3jf3wqhz83yfoxt6w3jo8f32xo2t40on",
    "user": [
      "admin"
    ],
    "published": false,
    "csubtype": "M",
    "entry": 9,
    "headword": "definition with formatted text"
  }
},
{
  "pk": 10,
  "model": "lexicography.changerecord",
  "fields": {
    "c_hash": "2f5c78800eeea0e2a8e019332996a265d9c36b81",
    "ctype": "U",
    "datetime": "2014-06-04T14:52:13.118Z",
    "session": "3jf3wqhz83yfoxt6w3jo8f32xo2t40on",
    "user": [
      "admin"
    ],
    "published": true,
    "csubtype": "M",
    "entry": 10,
    "headword": "senses and subsenses"
  }
},
{
  "pk": 11,
  "model": "lexicography.changerecord",
  "fields": {
    "c_hash": "be2bddf394b44456ed378eb8a821f14019390308",
    "ctype": "C",
    "datetime": "2014-06-09T20:08:31.629Z",
    "session": "3jf3wqhz83yfoxt6w3jo8f32xo2t40on",
    "user": [
      "admin"
    ],
    "published": false,
    "csubtype": "M",
    "entry": 11,
    "headword": "some semantic fields"
  }
},
{
  "pk": 12,
  "model": "lexicography.changerecord",
  "fields": {
    "c_hash": "f704f6ebe1ddcf9c9f321a819868063b95a38396",
    "ctype": "C",
    "datetime": "2014-06-17T13:48:15.004Z",
    "session": "zsvk1w3ugsaubati2586v0avvuhlgz33",
    "user": [
      "admin"
    ],
    "published": false,
    "csubtype": "M",
    "entry": 12,
    "headword": "antonym with citations"
  }
},
{
  "pk": 13,
  "model": "lexicography.changerecord",
  "fields": {
    "c_hash": "24467c1ee6bd3124f31b4ee191f72b170bb0dc18",
    "ctype": "C",
    "datetime": "2014-06-17T14:21:16.188Z",
    "session": "zsvk1w3ugsaubati2586v0avvuhlgz33",
    "user": [
      "admin"
    ],
    "published": false,
    "csubtype": "M",
    "entry": 13,
    "headword": "cognate with citations"
  }
},
{
  "pk": 14,
  "model": "lexicography.changerecord",
  "fields": {
    "c_hash": "c254ff3c4a186d4c7c8b347ed315f2466b100b25",
    "ctype": "C",
    "datetime": "2014-06-17T14:45:47.819Z",
    "session": "zsvk1w3ugsaubati2586v0avvuhlgz33",
    "user": [
      "admin"
    ],
    "published": false,
    "csubtype": "M",
    "entry": 14,
    "headword": "conceptual proximate with citations"
  }
},
{
  "pk": 15,
  "model": "lexicography.changerecord",
  "fields": {
    "c_hash": "d55cb9fd0035a84099058b498a50e755459185a5",
    "ctype": "U",
    "datetime": "2014-06-18T13:01:33.472Z",
    "session": "zsvk1w3ugsaubati2586v0avvuhlgz33",
    "user": [
      "admin"
    ],
    "published": true,
    "csubtype": "M",
    "entry": 15,
    "headword": "senses, subsenses and hyperlinks"
  }
},
{
  "pk": 16,
  "model": "lexicography.changerecord",
  "fields": {
    "c_hash": "f637bcfc35581131c69f262cad68c7d0ef8489b1",
    "ctype": "C",
    "datetime": "2014-07-13T15:17:11.845Z",
    "session": "ytcuntt3gdeogdveq8axbxpobozackt3",
    "user": [
      "admin"
    ],
    "published": false,
    "csubtype": "M",
    "entry": 16,
    "headword": "sense with explanation"
  }
},
{
  "pk": 17,
  "model": "lexicography.changerecord",
  "fields": {
    "c_hash": "f753ed3328b217ea134027b56e07bda9540e970d",
    "ctype": "U",
    "datetime": "2014-07-13T18:08:06.613Z",
    "session": "ytcuntt3gdeogdveq8axbxpobozackt3",
    "user": [
      "admin"
    ],
    "published": false,
    "csubtype": "M",
    "entry": 17,
    "headword": "contrastive elements with one child"
  }
},
{
  "pk": 18,
  "model": "lexicography.changerecord",
  "fields": {
    "c_hash": "dd76e98478d56103afe70020b586a85634301893",
    "ctype": "U",
    "datetime": "2014-07-23T13:43:49.359Z",
    "session": "z00mmvhp9mezbkd6ygfxrlbpuunm7mla",
    "user": [
      "admin"
    ],
    "published": false,
    "csubtype": "M",
    "entry": 18,
    "headword": "sense with citations"
  }
},
{
  "pk": 19,
  "model": "lexicography.changerecord",
  "fields": {
    "c_hash": "c5e967bacc75b36d4f4f62ec4fb16f989ead369b",
    "ctype": "U",
    "datetime": "2014-09-23T15:18:30.245Z",
    "session": "zxk1lh81piph2nwiansxx08o5e1c1fzx",
    "user": [
      "foo"
    ],
    "published": true,
    "csubtype": "M",
    "entry": 19,
    "headword": "non-pali example, with ref and ptr"
  }
},
{
  "pk": 20,
  "model": "lexicography.changerecord",
  "fields": {
    "c_hash": "e7c689f2eb7ba90edfdbbe3b09133a86bcb944a6",
    "ctype": "C",
    "datetime": "2014-10-01T14:48:04.811Z",
    "session": "4w19bevhbcsjowbipoaex1krvis2fl1g",
    "user": [
      "foo"
    ],
    "published": false,
    "csubtype": "M",
    "entry": 20,
    "headword": "old and new records"
  }
},
{
  "pk": 21,
  "model": "lexicography.changerecord",
  "fields": {
    "c_hash": "34bf1d2338ddef579156c6b5db699a463e8d5535",
    "ctype": "U",
    "datetime": "2014-10-01T14:48:19.396Z",
    "session": "4w19bevhbcsjowbipoaex1krvis2fl1g",
    "user": [
      "foo"
    ],
    "published": false,
    "csubtype": "M",
    "entry": 20,
    "headword": "old and new records"
  }
},
{
  "pk": 22,
  "model": "lexicography.changerecord",
  "fields": {
    "c_hash": "34bf1d2338ddef579156c6b5db699a463e8d5535",
    "ctype": "U",
    "datetime": "2014-10-01T14:48:30.950Z",
    "session": "4w19bevhbcsjowbipoaex1krvis2fl1g",
    "user": [
      "foo"
    ],
    "published": false,
    "csubtype": "M",
    "entry": 20,
    "headword": "old and new records"
  }
},
{
  "pk": 23,
  "model": "lexicography.changerecord",
  "fields": {
    "c_hash": "86781623a13891fda7c4540fc60fa54b50f45dd5",
    "ctype": "C",
    "datetime": "2014-10-01T14:49:10.938Z",
    "session": "4w19bevhbcsjowbipoaex1krvis2fl1g",
    "user": [
      "foo"
    ],
    "published": false,
    "csubtype": "M",
    "entry": 21,
    "headword": "deleted article"
  }
},
{
  "pk": 24,
  "model": "lexicography.changerecord",
  "fields": {
    "c_hash": "9e2e5cc5cc42c8376dec5e5d855f2b40880c5f7f",
    "ctype": "U",
    "datetime": "2014-10-21T22:43:18.448Z",
    "session": "t1u9pab3pq6lwek61go9mmua279es1w9",
    "user": [
      "admin"
    ],
    "published": false,
    "csubtype": "M",
    "entry": 22,
    "headword": "antonym with citations, followed by another antonym"
  }
},
{
  "pk": "24467c1ee6bd3124f31b4ee191f72b170bb0dc18",
  "model": "lexicography.chunk",
  "fields": {
    "data": "<?xml version=\"1.0\" encoding=\"UTF-8\"?><btw:entry xmlns=\"http://www.tei-c.org/ns/1.0\" xmlns:btw=\"http://mangalamresearch.org/ns/btw-storage\" version=\"0.10\" authority=\"/authority/1\"><btw:lemma>cognate with citations</btw:lemma><btw:overview><btw:definition><p><btw:todo>Fill definition.</btw:todo></p></btw:definition></btw:overview><btw:sense-discrimination><btw:sense><btw:english-renditions><btw:english-rendition><btw:english-term><btw:todo>Fill term.</btw:todo></btw:english-term><btw:semantic-fields><btw:sf><btw:todo>Fill semantic field.</btw:todo></btw:sf></btw:semantic-fields></btw:english-rendition></btw:english-renditions><btw:contrastive-section><btw:antonyms><btw:none/></btw:antonyms><btw:cognates><btw:cognate><term>cognate 1</term><btw:citations><btw:example><btw:semantic-fields><btw:sf/></btw:semantic-fields><btw:cit>citation</btw:cit><btw:tr>translation</btw:tr></btw:example></btw:citations></btw:cognate></btw:cognates><btw:conceptual-proximates><btw:none/></btw:conceptual-proximates></btw:contrastive-section></btw:sense></btw:sense-discrimination><btw:historico-semantical-data><btw:etymology><p/></btw:etymology></btw:historico-semantical-data></btw:entry>",
    "_valid": false,
    "schema_version": "0.10",
    "is_normal": true
  }
},
{
  "pk": "2f5c78800eeea0e2a8e019332996a265d9c36b81",
  "model": "lexicography.chunk",
  "fields": {
    "data": "<?xml version=\"1.0\" encoding=\"UTF-8\"?><btw:entry xmlns=\"http://www.tei-c.org/ns/1.0\" xmlns:btw=\"http://mangalamresearch.org/ns/btw-storage\" version=\"0.10\" authority=\"/authority/1\"><btw:lemma>senses and subsenses</btw:lemma><btw:overview><btw:definition><p>Something.</p></btw:definition></btw:overview><btw:sense-discrimination><btw:sense><btw:english-renditions><btw:english-rendition><btw:english-term>sense a</btw:english-term><btw:semantic-fields><btw:sf><btw:todo>Fill semantic field.</btw:todo></btw:sf></btw:semantic-fields></btw:english-rendition></btw:english-renditions><btw:subsense><btw:explanation>sense a1</btw:explanation><btw:citations/></btw:subsense><btw:subsense><btw:explanation>sense a2</btw:explanation><btw:citations/></btw:subsense><btw:contrastive-section><btw:antonyms><btw:none/></btw:antonyms><btw:cognates><btw:none/></btw:cognates><btw:conceptual-proximates><btw:none/></btw:conceptual-proximates></btw:contrastive-section></btw:sense><btw:sense><btw:english-renditions><btw:english-rendition><btw:english-term>sense b</btw:english-term><btw:semantic-fields><btw:sf/></btw:semantic-fields></btw:english-rendition></btw:english-renditions><btw:subsense><btw:explanation>sense b1</btw:explanation><btw:citations/></btw:subsense></btw:sense></btw:sense-discrimination><btw:historico-semantical-data><btw:etymology><p/></btw:etymology></btw:historico-semantical-data></btw:entry>",
    "_valid": false,
    "schema_version": "0.10",
    "is_normal": true
  }
},
{
  "pk": "34bf1d2338ddef579156c6b5db699a463e8d5535",
  "model": "lexicography.chunk",
  "fields": {
    "data": "<?xml version=\"1.0\" encoding=\"UTF-8\"?><btw:entry xmlns=\"http://www.tei-c.org/ns/1.0\" xmlns:btw=\"http://mangalamresearch.org/ns/btw-storage\" version=\"0.10\" authority=\"/authority/2\"><btw:lemma>old and new records</btw:lemma><btw:overview><btw:definition><p>Newer</p></btw:definition></btw:overview><btw:sense-discrimination><btw:sense><btw:english-renditions><btw:english-rendition><btw:english-term><btw:todo>Fill term.</btw:todo></btw:english-term><btw:semantic-fields><btw:sf><btw:todo>Fill semantic field.</btw:todo></btw:sf></btw:semantic-fields></btw:english-rendition></btw:english-renditions><btw:contrastive-section><btw:antonyms><btw:none/></btw:antonyms><btw:cognates><btw:none/></btw:cognates><btw:conceptual-proximates><btw:none/></btw:conceptual-proximates></btw:contrastive-section></btw:sense></btw:sense-discrimination><btw:historico-semantical-data><btw:etymology><p/></btw:etymology></btw:historico-semantical-data></btw:entry>",
    "_valid": false,
    "schema_version": "0.10",
    "is_normal": true
  }
},
{
  "pk": "5af6712b87152507c264a550171d2045936bb64d",
  "model": "lexicography.chunk",
  "fields": {
    "data": "<?xml version=\"1.0\" encoding=\"UTF-8\"?><btw:entry xmlns=\"http://www.tei-c.org/ns/1.0\" xmlns:btw=\"http://mangalamresearch.org/ns/btw-storage\" version=\"0.10\" authority=\"/authority/1\"><btw:lemma>abcd</btw:lemma><btw:overview><btw:definition><p><btw:todo>Fill definition.</btw:todo></p></btw:definition></btw:overview><btw:sense-discrimination><btw:sense><btw:english-renditions><btw:english-rendition><btw:english-term><btw:todo>Fill term.</btw:todo></btw:english-term><btw:semantic-fields><btw:sf><btw:todo>Fill semantic field.</btw:todo></btw:sf></btw:semantic-fields></btw:english-rendition></btw:english-renditions><btw:contrastive-section/></btw:sense></btw:sense-discrimination><btw:historico-semantical-data><btw:etymology><p/></btw:etymology></btw:historico-semantical-data><btw:renditions-and-discussions><btw:classical-renditions/><btw:modern-renditions/></btw:renditions-and-discussions></btw:entry>",
    "_valid": false,
    "schema_version": "0.10",
    "is_normal": true
  }
},
{
  "pk": "5d8b8d158fea90404a170d157207c983c29f40f3",
  "model": "lexicography.chunk",
  "fields": {
    "data": "<?xml version=\"1.0\" encoding=\"UTF-8\"?><btw:entry xmlns=\"http://www.tei-c.org/ns/1.0\" xmlns:btw=\"http://mangalamresearch.org/ns/btw-storage\" version=\"0.10\" authority=\"/authority/1\"><btw:lemma>definition filled</btw:lemma><btw:overview><btw:definition><p>Etymologically linked to the process of sedimentation (pra\u221asad, see below), pras\u0101da denotes the resulting state of clarity and translucency of liquids. This sense is extended metaphorically [...] its most common meanings of serenity, confidence, and favor or mercy.</p><p>In Buddhist literature, pras\u0101da belongs mainly to the semantic field of faith. [...] it denotes a sudden and overpowering surge [...]</p></btw:definition></btw:overview><btw:sense-discrimination><btw:sense><btw:english-renditions><btw:english-rendition><btw:english-term><btw:todo>Fill term.</btw:todo></btw:english-term><btw:semantic-fields><btw:sf><btw:todo>Fill semantic field.</btw:todo></btw:sf></btw:semantic-fields></btw:english-rendition></btw:english-renditions><btw:contrastive-section><btw:antonyms><btw:none/></btw:antonyms><btw:cognates><btw:none/></btw:cognates><btw:conceptual-proximates><btw:none/></btw:conceptual-proximates></btw:contrastive-section></btw:sense></btw:sense-discrimination><btw:historico-semantical-data><btw:etymology><p/></btw:etymology></btw:historico-semantical-data></btw:entry>",
    "_valid": false,
    "schema_version": "0.10",
    "is_normal": true
  }
},
{
  "pk": "601b24c17b19a7f8be71a841df0f27e160f9dde4",
  "model": "lexicography.chunk",
  "fields": {
    "data": "<?xml version=\"1.0\" encoding=\"UTF-8\"?><btw:entry xmlns=\"http://www.tei-c.org/ns/1.0\" xmlns:btw=\"http://mangalamresearch.org/ns/btw-storage\" version=\"0.10\" authority=\"/authority/1\"><btw:lemma>non-pali example</btw:lemma><btw:overview><btw:definition><p><btw:todo>Fill definition.</btw:todo></p></btw:definition></btw:overview><btw:sense-discrimination><btw:sense><btw:english-renditions><btw:english-rendition><btw:english-term><btw:todo>Fill term.</btw:todo></btw:english-term><btw:semantic-fields><btw:sf><btw:todo>Fill semantic field.</btw:todo></btw:sf></btw:semantic-fields></btw:english-rendition></btw:english-renditions><btw:explanation/><btw:citations><btw:example><btw:cit>foo</btw:cit><btw:tr/></btw:example><btw:example><btw:cit>bar</btw:cit><btw:tr/></btw:example></btw:citations><btw:contrastive-section><btw:antonyms><btw:none/></btw:antonyms><btw:cognates><btw:none/></btw:cognates><btw:conceptual-proximates><btw:none/></btw:conceptual-proximates></btw:contrastive-section></btw:sense><btw:sense><btw:english-renditions><btw:english-rendition><btw:english-term/><btw:semantic-fields><btw:sf/></btw:semantic-fields></btw:english-rendition></btw:english-renditions><btw:explanation/><btw:citations/></btw:sense></btw:sense-discrimination><btw:historico-semantical-data><btw:etymology><p/></btw:etymology></btw:historico-semantical-data></btw:entry>",
    "_valid": false,
    "schema_version": "0.10",
    "is_normal": true
  }
},
{
  "pk": "86781623a13891fda7c4540fc60fa54b50f45dd5",
  "model": "lexicography.chunk",
  "fields": {
    "data": "<?xml version=\"1.0\" encoding=\"UTF-8\"?><btw:entry xmlns=\"http://www.tei-c.org/ns/1.0\" xmlns:btw=\"http://mangalamresearch.org/ns/btw-storage\" version=\"0.10\" authority=\"/authority/2\"><btw:lemma>deleted article</btw:lemma><btw:overview><btw:definition><p><btw:todo>Fill definition.</btw:todo></p></btw:definition></btw:overview><btw:sense-discrimination><btw:sense><btw:english-renditions><btw:english-rendition><btw:english-term><btw:todo>Fill term.</btw:todo></btw:english-term><btw:semantic-fields><btw:sf><btw:todo>Fill semantic field.</btw:todo></btw:sf></btw:semantic-fields></btw:english-rendition></btw:english-renditions><btw:contrastive-section><btw:antonyms><btw:none/></btw:antonyms><btw:cognates><btw:none/></btw:cognates><btw:conceptual-proximates><btw:none/></btw:conceptual-proximates></btw:contrastive-section></btw:sense></btw:sense-discrimination><btw:historico-semantical-data><btw:etymology><p/></btw:etymology></btw:historico-semantical-data></btw:entry>",
    "_valid": false,
    "schema_version": "0.10",
    "is_normal": true
  }
},
{
  "pk": "a8fe52740018b1a5f8b89166f45c31a9699cec68",
  "model": "lexicography.chunk",
  "fields": {
    "data": "<?xml version=\"1.0\" encoding=\"UTF-8\"?><btw:entry xmlns=\"http://www.tei-c.org/ns/1.0\" xmlns:btw=\"http://mangalamresearch.org/ns/btw-storage\" version=\"0.10\" authority=\"/authority/1\"><btw:lemma>definition with formatted text</btw:lemma><btw:overview><btw:definition><p>Etymologically linked to the process of sedimentation (<foreign xml:lang=\"sa-Latn\">pra\u221asad</foreign>, see below), <foreign xml:lang=\"sa-Latn\">pras\u0101da</foreign> denotes the resulting state of <btw:sense-emphasis>clarity</btw:sense-emphasis> and <foreign xml:lang=\"la\">translucency</foreign> of liquids. This sense is extended metaphorically [...] its most common meanings of <btw:sense-emphasis>serenity</btw:sense-emphasis>, <btw:sense-emphasis>confidence</btw:sense-emphasis>, and <btw:sense-emphasis>favor</btw:sense-emphasis> or mercy.</p><p>In Buddhist literature, pras\u0101da belongs mainly to the semantic field of faith. [...] it denotes a sudden and overpowering surge [...]</p></btw:definition></btw:overview><btw:sense-discrimination><btw:sense><btw:english-renditions><btw:english-rendition><btw:english-term><btw:todo>Fill term.</btw:todo></btw:english-term><btw:semantic-fields><btw:sf><btw:todo>Fill semantic field.</btw:todo></btw:sf></btw:semantic-fields></btw:english-rendition></btw:english-renditions><btw:contrastive-section><btw:antonyms><btw:none/></btw:antonyms><btw:cognates><btw:none/></btw:cognates><btw:conceptual-proximates><btw:none/></btw:conceptual-proximates></btw:contrastive-section></btw:sense></btw:sense-discrimination><btw:historico-semantical-data><btw:etymology><p/></btw:etymology></btw:historico-semantical-data></btw:entry>",
    "_valid": false,
    "schema_version": "0.10",
    "is_normal": true
  }
},
{
  "pk": "aa715ff1eafa3f30d23f6d4588e674c30ca5cf5e",
  "model": "lexicography.chunk",
  "fields": {
    "data": "<?xml version=\"1.0\" encoding=\"UTF-8\"?><btw:entry xmlns=\"http://www.tei-c.org/ns/1.0\" xmlns:btw=\"http://mangalamresearch.org/ns/btw-storage\" version=\"0.10\" authority=\"/authority/1\"><btw:lemma>pali example</btw:lemma><btw:overview><btw:definition><p><btw:todo>Fill definition.</btw:todo></p></btw:definition></btw:overview><btw:sense-discrimination><btw:sense><btw:english-renditions><btw:english-rendition><btw:english-term><btw:todo>Fill term.</btw:todo></btw:english-term><btw:semantic-fields><btw:sf><btw:todo>Fill semantic field.</btw:todo></btw:sf></btw:semantic-fields></btw:english-rendition></btw:english-renditions><btw:explanation/><btw:citations><btw:example><btw:cit><foreign xml:lang=\"pi-Latn\">blah</foreign></btw:cit><btw:tr>something</btw:tr></btw:example></btw:citations><btw:contrastive-section><btw:antonyms><btw:none/></btw:antonyms><btw:cognates><btw:none/></btw:cognates><btw:conceptual-proximates><btw:none/></btw:conceptual-proximates></btw:contrastive-section></btw:sense></btw:sense-discrimination><btw:historico-semantical-data><btw:etymology><p/></btw:etymology></btw:historico-semantical-data></btw:entry>",
    "_valid": false,
    "schema_version": "0.10",
    "is_normal": true
  }
},
{
  "pk": "afe26750502946294ab1066823e767a5df962cbf",
  "model": "lexicography.chunk",
  "fields": {
    "data": "<?xml version=\"1.0\" encoding=\"UTF-8\"?><btw:entry xmlns=\"http://www.tei-c.org/ns/1.0\" xmlns:btw=\"http://mangalamresearch.org/ns/btw-storage\" version=\"0.10\" authority=\"/authority/1\"><btw:lemma>foo</btw:lemma><btw:overview><btw:definition><p><btw:todo>Fill definition.</btw:todo></p></btw:definition></btw:overview><btw:sense-discrimination><btw:sense><btw:english-renditions><btw:english-rendition><btw:english-term><btw:todo>Fill term.</btw:todo></btw:english-term><btw:semantic-fields><btw:sf><btw:todo>Fill semantic field.</btw:todo></btw:sf></btw:semantic-fields></btw:english-rendition></btw:english-renditions><btw:contrastive-section/></btw:sense></btw:sense-discrimination><btw:historico-semantical-data><btw:etymology><p/></btw:etymology></btw:historico-semantical-data><btw:renditions-and-discussions><btw:classical-renditions/><btw:modern-renditions/></btw:renditions-and-discussions></btw:entry>",
    "_valid": false,
    "schema_version": "0.10",
    "is_normal": true
  }
},
{
  "pk": "bbb58d1fce15271fd13b7049731a248d9e76837d",
  "model": "lexicography.chunk",
  "fields": {
    "data": "<?xml version=\"1.0\" encoding=\"UTF-8\"?><btw:entry xmlns=\"http://www.tei-c.org/ns/1.0\" xmlns:btw=\"http://mangalamresearch.org/ns/btw-storage\" version=\"0.10\" authority=\"/authority/2\"><btw:lemma>one sense, one subsense</btw:lemma><btw:overview><btw:definition><p><btw:todo>Fill definition.</btw:todo></p></btw:definition></btw:overview><btw:sense-discrimination><btw:sense><btw:english-renditions><btw:english-rendition><btw:english-term><btw:todo>Fill term.</btw:todo></btw:english-term><btw:semantic-fields><btw:sf><btw:todo>Fill semantic field.</btw:todo></btw:sf></btw:semantic-fields></btw:english-rendition></btw:english-renditions><btw:subsense><btw:explanation>sense a1</btw:explanation></btw:subsense><btw:contrastive-section><btw:antonyms><btw:none/></btw:antonyms><btw:cognates><btw:none/></btw:cognates><btw:conceptual-proximates><btw:none/></btw:conceptual-proximates></btw:contrastive-section></btw:sense></btw:sense-discrimination><btw:historico-semantical-data><btw:etymology><p/></btw:etymology></btw:historico-semantical-data><btw:renditions-and-discussions><btw:classical-renditions/><btw:modern-renditions/></btw:renditions-and-discussions></btw:entry>",
    "_valid": false,
    "schema_version": "0.10",
    "is_normal": true
  }
},
{
  "pk": "be2bddf394b44456ed378eb8a821f14019390308",
  "model": "lexicography.chunk",
  "fields": {
    "data": "<?xml version=\"1.0\" encoding=\"UTF-8\"?><btw:entry xmlns=\"http://www.tei-c.org/ns/1.0\" xmlns:btw=\"http://mangalamresearch.org/ns/btw-storage\" version=\"0.10\" authority=\"/authority/1\"><btw:lemma>some semantic fields</btw:lemma><btw:overview><btw:definition><p><btw:todo>Fill definition.</btw:todo></p></btw:definition></btw:overview><btw:sense-discrimination><btw:sense><btw:english-renditions><btw:english-rendition><btw:english-term><btw:todo>Fill term.</btw:todo></btw:english-term><btw:semantic-fields><btw:sf>01.02</btw:sf><btw:sf>02.02</btw:sf></btw:semantic-fields></btw:english-rendition></btw:english-renditions><btw:contrastive-section><btw:antonyms><btw:none/></btw:antonyms><btw:cognates><btw:none/></btw:cognates><btw:conceptual-proximates><btw:none/></btw:conceptual-proximates></btw:contrastive-section></btw:sense></btw:sense-discrimination><btw:historico-semantical-data><btw:etymology><p/></btw:etymology></btw:historico-semantical-data></btw:entry>",
    "_valid": false,
    "schema_version": "0.10",
    "is_normal": true
  }
},
{
  "pk": "c254ff3c4a186d4c7c8b347ed315f2466b100b25",
  "model": "lexicography.chunk",
  "fields": {
    "data": "<?xml version=\"1.0\" encoding=\"UTF-8\"?><btw:entry xmlns=\"http://www.tei-c.org/ns/1.0\" xmlns:btw=\"http://mangalamresearch.org/ns/btw-storage\" version=\"0.10\" authority=\"/authority/1\"><btw:lemma>conceptual proximate with citations</btw:lemma><btw:overview><btw:definition><p><btw:todo>Fill definition.</btw:todo></p></btw:definition></btw:overview><btw:sense-discrimination><btw:sense><btw:english-renditions><btw:english-rendition><btw:english-term><btw:todo>Fill term.</btw:todo></btw:english-term><btw:semantic-fields><btw:sf><btw:todo>Fill semantic field.</btw:todo></btw:sf></btw:semantic-fields></btw:english-rendition></btw:english-renditions><btw:contrastive-section><btw:antonyms><btw:none/></btw:antonyms><btw:cognates><btw:none/></btw:cognates><btw:conceptual-proximates><btw:conceptual-proximate><term>conceptual proximate</term><btw:citations><btw:example><btw:cit>citation</btw:cit><btw:tr>translation</btw:tr></btw:example></btw:citations></btw:conceptual-proximate></btw:conceptual-proximates></btw:contrastive-section></btw:sense></btw:sense-discrimination><btw:historico-semantical-data><btw:etymology><p/></btw:etymology></btw:historico-semantical-data></btw:entry>",
    "_valid": false,
    "schema_version": "0.10",
    "is_normal": true
  }
},
{
  "pk": "c5e967bacc75b36d4f4f62ec4fb16f989ead369b",
  "model": "lexicography.chunk",
  "fields": {
    "data": "<?xml version=\"1.0\" encoding=\"UTF-8\"?><btw:entry xmlns=\"http://www.tei-c.org/ns/1.0\" xmlns:btw=\"http://mangalamresearch.org/ns/btw-storage\" version=\"0.10\" authority=\"/authority/1\"><btw:lemma>non-pali example, with ref and ptr</btw:lemma><btw:overview><btw:definition><p><btw:todo>Fill definition.</btw:todo></p></btw:definition></btw:overview><btw:sense-discrimination><btw:sense><btw:english-renditions><btw:english-rendition><btw:english-term><btw:todo>Fill term.</btw:todo></btw:english-term><btw:semantic-fields><btw:sf><btw:todo>Fill semantic field.</btw:todo></btw:sf></btw:semantic-fields></btw:english-rendition></btw:english-renditions><btw:explanation/><btw:citations><btw:example><btw:cit><ref target=\"/bibliography/1\"/>foo</btw:cit><btw:tr/></btw:example><btw:example><btw:cit>bar</btw:cit><btw:tr/></btw:example><ptr target=\"#E.0\"/></btw:citations><btw:contrastive-section><btw:antonyms><btw:none/></btw:antonyms><btw:cognates><btw:none/></btw:cognates><btw:conceptual-proximates><btw:none/></btw:conceptual-proximates></btw:contrastive-section></btw:sense><btw:sense><btw:english-renditions><btw:english-rendition><btw:english-term/><btw:semantic-fields><btw:sf/></btw:semantic-fields></btw:english-rendition></btw:english-renditions><btw:explanation/><btw:citations/></btw:sense></btw:sense-discrimination><btw:historico-semantical-data><btw:etymology><p/></btw:etymology></btw:historico-semantical-data></btw:entry>",
    "_valid": false,
    "schema_version": "0.10",
    "is_normal": true
  }
},
{
  "pk": "d55cb9fd0035a84099058b498a50e755459185a5",
  "model": "lexicography.chunk",
  "fields": {
    "data": "<?xml version=\"1.0\" encoding=\"UTF-8\"?><btw:entry xmlns=\"http://www.tei-c.org/ns/1.0\" xmlns:btw=\"http://mangalamresearch.org/ns/btw-storage\" version=\"0.10\" authority=\"/authority/1\"><btw:lemma>senses, subsenses and hyperlinks</btw:lemma><btw:overview><btw:definition><p>Something.<ptr target=\"#S.0\"/><ptr target=\"#S.2\"/></p></btw:definition></btw:overview><btw:sense-discrimination><btw:sense xml:id=\"S.0\"><btw:english-renditions><btw:english-rendition><btw:english-term>sense a</btw:english-term><btw:semantic-fields><btw:sf><btw:todo>Fill semantic field.</btw:todo></btw:sf></btw:semantic-fields></btw:english-rendition></btw:english-renditions><btw:subsense xml:id=\"S.2\"><btw:explanation>sense a1</btw:explanation><btw:citations><btw:example><btw:cit/><btw:tr/></btw:example><btw:example-explained><btw:explanation>explanation</btw:explanation><btw:cit><foreign xml:lang=\"pi-Latn\">pali</foreign></btw:cit><btw:tr/></btw:example-explained></btw:citations></btw:subsense><btw:subsense><btw:explanation>sense a2</btw:explanation><btw:citations/></btw:subsense><btw:contrastive-section><btw:antonyms><btw:none/></btw:antonyms><btw:cognates><btw:none/></btw:cognates><btw:conceptual-proximates><btw:none/></btw:conceptual-proximates></btw:contrastive-section></btw:sense><btw:sense><btw:english-renditions><btw:english-rendition><btw:english-term>sense b</btw:english-term><btw:semantic-fields><btw:sf/></btw:semantic-fields></btw:english-rendition></btw:english-renditions><btw:subsense><btw:explanation>sense b1</btw:explanation><btw:citations/></btw:subsense></btw:sense></btw:sense-discrimination><btw:historico-semantical-data><btw:etymology><p/></btw:etymology></btw:historico-semantical-data></btw:entry>",
    "_valid": false,
    "schema_version": "0.10",
    "is_normal": true
  }
},
{
  "pk": "dbe4c722b68b9c3ea5dd970eb821be9d5c18609e",
  "model": "lexicography.chunk",
  "fields": {
    "data": "<?xml version=\"1.0\" encoding=\"UTF-8\"?><btw:entry xmlns=\"http://www.tei-c.org/ns/1.0\" xmlns:btw=\"http://mangalamresearch.org/ns/btw-storage\" version=\"0.10\" authority=\"/authority/1\"><btw:lemma>non-pali explained example</btw:lemma><btw:overview><btw:definition><p><btw:todo>Fill definition.</btw:todo></p></btw:definition></btw:overview><btw:sense-discrimination><btw:sense><btw:english-renditions><btw:english-rendition><btw:english-term><btw:todo>Fill term.</btw:todo></btw:english-term><btw:semantic-fields><btw:sf><btw:todo>Fill semantic field.</btw:todo></btw:sf></btw:semantic-fields></btw:english-rendition></btw:english-renditions><btw:explanation/><btw:citations><btw:example><btw:cit/><btw:tr/></btw:example><btw:example-explained><btw:explanation>foo</btw:explanation><btw:cit>foo</btw:cit><btw:tr/></btw:example-explained></btw:citations><btw:contrastive-section><btw:antonyms><btw:none/></btw:antonyms><btw:cognates><btw:none/></btw:cognates><btw:conceptual-proximates><btw:none/></btw:conceptual-proximates></btw:contrastive-section></btw:sense></btw:sense-discrimination><btw:historico-semantical-data><btw:etymology><p/></btw:etymology></btw:historico-semantical-data></btw:entry>",
    "_valid": false,
    "schema_version": "0.10",
    "is_normal": true
  }
},
{
  "pk": "dd76e98478d56103afe70020b586a85634301893",
  "model": "lexicography.chunk",
  "fields": {
    "data": "<?xml version=\"1.0\" encoding=\"UTF-8\"?><btw:entry xmlns=\"http://www.tei-c.org/ns/1.0\" xmlns:btw=\"http://mangalamresearch.org/ns/btw-storage\" version=\"0.10\" authority=\"/authority/1\"><btw:lemma>sense with citations</btw:lemma><btw:overview><btw:definition><p><btw:todo>Fill definition.</btw:todo></p></btw:definition></btw:overview><btw:sense-discrimination><btw:sense><btw:english-renditions><btw:english-rendition><btw:english-term><btw:todo>Fill term.</btw:todo></btw:english-term><btw:semantic-fields><btw:sf><btw:todo>Fill semantic field.</btw:todo></btw:sf></btw:semantic-fields></btw:english-rendition></btw:english-renditions><btw:explanation>blah</btw:explanation><btw:citations/><btw:contrastive-section><btw:antonyms><btw:none/></btw:antonyms><btw:cognates><btw:none/></btw:cognates><btw:conceptual-proximates><btw:none/></btw:conceptual-proximates></btw:contrastive-section></btw:sense></btw:sense-discrimination><btw:historico-semantical-data><btw:etymology><p/></btw:etymology></btw:historico-semantical-data></btw:entry>",
    "_valid": false,
    "schema_version": "0.10",
    "is_normal": true
  }
},
{
  "pk": "e7c689f2eb7ba90edfdbbe3b09133a86bcb944a6",
  "model": "lexicography.chunk",
  "fields": {
    "data": "<?xml version=\"1.0\" encoding=\"UTF-8\"?><btw:entry xmlns=\"http://www.tei-c.org/ns/1.0\" xmlns:btw=\"http://mangalamresearch.org/ns/btw-storage\" version=\"0.10\" authority=\"/authority/2\"><btw:lemma>old and new records</btw:lemma><btw:overview><btw:definition><p><btw:todo>Fill definition.</btw:todo></p></btw:definition></btw:overview><btw:sense-discrimination><btw:sense><btw:english-renditions><btw:english-rendition><btw:english-term><btw:todo>Fill term.</btw:todo></btw:english-term><btw:semantic-fields><btw:sf><btw:todo>Fill semantic field.</btw:todo></btw:sf></btw:semantic-fields></btw:english-rendition></btw:english-renditions><btw:contrastive-section><btw:antonyms><btw:none/></btw:antonyms><btw:cognates><btw:none/></btw:cognates><btw:conceptual-proximates><btw:none/></btw:conceptual-proximates></btw:contrastive-section></btw:sense></btw:sense-discrimination><btw:historico-semantical-data><btw:etymology><p/></btw:etymology></btw:historico-semantical-data></btw:entry>",
    "_valid": false,
    "schema_version": "0.10",
    "is_normal": true
  }
},
{
  "pk": "f637bcfc35581131c69f262cad68c7d0ef8489b1",
  "model": "lexicography.chunk",
  "fields": {
    "data": "<?xml version=\"1.0\" encoding=\"UTF-8\"?><btw:entry xmlns=\"http://www.tei-c.org/ns/1.0\" xmlns:btw=\"http://mangalamresearch.org/ns/btw-storage\" version=\"0.10\" authority=\"/authority/1\"><btw:lemma>sense with explanation</btw:lemma><btw:overview><btw:definition><p><btw:todo>Fill definition.</btw:todo></p></btw:definition></btw:overview><btw:sense-discrimination><btw:sense><btw:english-renditions><btw:english-rendition><btw:english-term><btw:todo>Fill term.</btw:todo></btw:english-term><btw:semantic-fields><btw:sf><btw:todo>Fill semantic field.</btw:todo></btw:sf></btw:semantic-fields></btw:english-rendition></btw:english-renditions><btw:explanation>blah</btw:explanation><btw:contrastive-section><btw:antonyms><btw:none/></btw:antonyms><btw:cognates><btw:none/></btw:cognates><btw:conceptual-proximates><btw:none/></btw:conceptual-proximates></btw:contrastive-section></btw:sense></btw:sense-discrimination><btw:historico-semantical-data><btw:etymology><p/></btw:etymology></btw:historico-semantical-data></btw:entry>",
    "_valid": false,
    "schema_version": "0.10",
    "is_normal": true
  }
},
{
  "pk": "f704f6ebe1ddcf9c9f321a819868063b95a38396",
  "model": "lexicography.chunk",
  "fields": {
    "data": "<?xml version=\"1.0\" encoding=\"UTF-8\"?><btw:entry xmlns=\"http://www.tei-c.org/ns/1.0\" xmlns:btw=\"http://mangalamresearch.org/ns/btw-storage\" version=\"0.10\" authority=\"/authority/1\"><btw:lemma>antonym with citations</btw:lemma><btw:overview><btw:definition><p><btw:todo>Fill definition.</btw:todo></p></btw:definition></btw:overview><btw:sense-discrimination><btw:sense><btw:english-renditions><btw:english-rendition><btw:english-term><btw:todo>Fill term.</btw:todo></btw:english-term><btw:semantic-fields><btw:sf><btw:todo>Fill semantic field.</btw:todo></btw:sf></btw:semantic-fields></btw:english-rendition></btw:english-renditions><btw:contrastive-section><btw:antonyms><btw:antonym><term>antonym 1</term><btw:citations><btw:example><btw:cit>citation</btw:cit><btw:tr>translation</btw:tr></btw:example></btw:citations></btw:antonym></btw:antonyms><btw:cognates><btw:none/></btw:cognates><btw:conceptual-proximates><btw:none/></btw:conceptual-proximates></btw:contrastive-section></btw:sense></btw:sense-discrimination><btw:historico-semantical-data><btw:etymology><p/></btw:etymology></btw:historico-semantical-data></btw:entry>",
    "_valid": false,
    "schema_version": "0.10",
    "is_normal": true
  }
},
{
  "pk": "f753ed3328b217ea134027b56e07bda9540e970d",
  "model": "lexicography.chunk",
  "fields": {
    "data": "<?xml version=\"1.0\" encoding=\"UTF-8\"?><btw:entry xmlns=\"http://www.tei-c.org/ns/1.0\" xmlns:btw=\"http://mangalamresearch.org/ns/btw-storage\" version=\"0.10\" authority=\"/authority/1\"><btw:lemma>contrastive elements with one child</btw:lemma><btw:overview><btw:definition><p><btw:todo>Fill definition.</btw:todo></p></btw:definition></btw:overview><btw:sense-discrimination><btw:sense><btw:english-renditions><btw:english-rendition><btw:english-term><btw:todo>Fill term.</btw:todo></btw:english-term><btw:semantic-fields><btw:sf><btw:todo>Fill semantic field.</btw:todo></btw:sf></btw:semantic-fields></btw:english-rendition></btw:english-renditions><btw:contrastive-section><btw:antonyms><btw:antonym><term/><btw:citations/></btw:antonym></btw:antonyms><btw:cognates><btw:cognate><term/><btw:citations/></btw:cognate></btw:cognates><btw:conceptual-proximates><btw:conceptual-proximate><term/><btw:citations/></btw:conceptual-proximate></btw:conceptual-proximates></btw:contrastive-section></btw:sense></btw:sense-discrimination><btw:historico-semantical-data><btw:etymology><p/></btw:etymology></btw:historico-semantical-data></btw:entry>",
    "_valid": false,
    "schema_version": "0.10",
    "is_normal": true
  }
},
{
  "pk": "fbc589bc20e43df78bb8c7c7015ea90c3222217e",
  "model": "lexicography.chunk",
  "fields": {
    "data": "<?xml version=\"1.0\" encoding=\"UTF-8\"?><btw:entry xmlns=\"http://www.tei-c.org/ns/1.0\" xmlns:btw=\"http://mangalamresearch.org/ns/btw-storage\" version=\"0.10\" authority=\"/authority/1\"><btw:lemma>pali explained example</btw:lemma><btw:overview><btw:definition><p><btw:todo>Fill definition.</btw:todo></p></btw:definition></btw:overview><btw:sense-discrimination><btw:sense><btw:english-renditions><btw:english-rendition><btw:english-term><btw:todo>Fill term.</btw:todo></btw:english-term><btw:semantic-fields><btw:sf><btw:todo>Fill semantic field.</btw:todo></btw:sf></btw:semantic-fields></btw:english-rendition></btw:english-renditions><btw:explanation/><btw:citations><btw:example><btw:cit/><btw:tr/></btw:example><btw:example-explained><btw:explanation>foo</btw:explanation><btw:cit><foreign xml:lang=\"pi-Latn\">foo</foreign></btw:cit><btw:tr/></btw:example-explained></btw:citations><btw:contrastive-section><btw:antonyms><btw:none/></btw:antonyms><btw:cognates><btw:none/></btw:cognates><btw:conceptual-proximates><btw:none/></btw:conceptual-proximates></btw:contrastive-section></btw:sense></btw:sense-discrimination><btw:historico-semantical-data><btw:etymology><p/></btw:etymology></btw:historico-semantical-data></btw:entry>",
    "_valid": false,
    "schema_version": "0.10",
    "is_normal": true
  }
},
{
  "pk": "9e2e5cc5cc42c8376dec5e5d855f2b40880c5f7f",
  "model": "lexicography.chunk",
  "fields": {
    "data": "<btw:entry xmlns=\"http://www.tei-c.org/ns/1.0\" xmlns:btw=\"http://mangalamresearch.org/ns/btw-storage\" version=\"0.10\" authority=\"/authority/1\"><btw:lemma>antonym with citations, followed by another antonym</btw:lemma><btw:overview><btw:definition><p><btw:todo>Fill definition.</btw:todo></p></btw:definition></btw:overview><btw:sense-discrimination><btw:sense><btw:english-renditions><btw:english-rendition><btw:english-term><btw:todo>Fill term.</btw:todo></btw:english-term><btw:semantic-fields><btw:sf><btw:todo>Fill semantic field.</btw:todo></btw:sf></btw:semantic-fields></btw:english-rendition></btw:english-renditions><btw:contrastive-section><btw:antonyms><btw:antonym><btw:term>antonym 1</btw:term><btw:citations><btw:example><btw:cit>citation</btw:cit><btw:tr>translation</btw:tr></btw:example></btw:citations></btw:antonym><btw:antonym><btw:term>antonym 2</btw:term><btw:citations/></btw:antonym></btw:antonyms><btw:cognates><btw:none/></btw:cognates><btw:conceptual-proximates><btw:none/></btw:conceptual-proximates></btw:contrastive-section></btw:sense></btw:sense-discrimination><btw:historico-semantical-data><btw:etymology><p/></btw:etymology></btw:historico-semantical-data></btw:entry>",
    "_valid": null,
    "schema_version": "0.10",
    "is_normal": true
  }
},
{
  "pk": 1,
  "model": "lexicography.publicationchange",
  "fields": {
    "changerecord": 3,
    "user": [
      "foo"
    ],
    "ctype": "P",
    "datetime": "2014-09-30T17:49:27.828Z"
  }
},
{
  "pk": 2,
  "model": "lexicography.publicationchange",
  "fields": {
    "changerecord": 10,
    "user": [
      "admin"
    ],
    "ctype": "P",
    "datetime": "2014-09-30T19:20:52.656Z"
  }
},
{
  "pk": 3,
  "model": "lexicography.publicationchange",
  "fields": {
    "changerecord": 15,
    "user": [
      "admin"
    ],
    "ctype": "P",
    "datetime": "2014-09-30T19:28:06.505Z"
  }
},
{
  "pk": 4,
  "model": "lexicography.publicationchange",
  "fields": {
    "changerecord": 19,
    "user": [
      "foo"
    ],
    "ctype": "P",
    "datetime": "2014-09-30T19:29:35.633Z"
  }
},
{
  "pk": 5,
  "model": "lexicography.publicationchange",
  "fields": {
    "changerecord": 1,
    "user": [
      "foo"
    ],
    "ctype": "P",
    "datetime": "2014-09-30T19:29:35.633Z"
  }
},
{
  "pk": 1,
  "model": "lexicography.deletionchange",
  "fields": {
    "entry": 21,
    "user": [
      "foo"
    ],
    "ctype": "D",
    "datetime": "2014-10-01T14:51:34.511Z"
  }
},
{
  "pk": 2,
  "model": "lexicography.entrylock",
  "fields": {
    "owner": [
      "foo"
    ],
    "entry": 21,
    "datetime": "2014-10-01T14:49:10.941Z"
  }
},
{
  "pk": 1,
  "model": "lexicography.authority",
  "fields": {}
},
{
  "pk": 2,
  "model": "lexicography.authority",
  "fields": {}
},
{
  "pk": 1,
  "model": "lexicography.userauthority",
  "fields": {
    "user": [
      "admin"
    ]
  }
},
{
  "pk": 2,
  "model": "lexicography.userauthority",
  "fields": {
    "user": [
      "foo"
    ]
  }
}
]
